dataset,F1_measure,Accuracy
HDFS,1.0,1.0
Hadoop,0.9999253015696765,0.9905
Spark,0.9999783365204907,0.9965
Zookeeper,0.9998872752118192,0.9925
BGL,0.9998312258198531,0.9695
HPC,0.9922450433093963,0.9095
Thunderbird,0.999865994189111,0.9845
Windows,1.0,1.0
Linux,0.9899558288845041,0.871
Andriod,0.9936023411146008,0.862
HealthApp,0.9934218417883378,0.8995
Apache,1.0,1.0
Proxifier,0.9999795266449649,0.99
OpenSSH,1.0,1.0
OpenStack,1.0,1.0
Mac,0.9731811305184981,0.83
